Name,Qty,Percentage
Jack,786,0.055705174
James,695,0.049255847
Daniel,638,0.045216159
Conor,581,0.041176471
Seán,526,0.037278526
Adam,493,0.034939759
Luke,437,0.030970943
Noah,434,0.030758327
Harry,398,0.028206945
Charlie,389,0.0275691
Dylan,384,0.027214741
Alex,383,0.02714387
Oisin,381,0.027002126
Michael,379,0.026860383
Liam,378,0.026789511
Ryan,373,0.026435152
Thomas,362,0.025655563
Cian,361,0.025584692
Patrick,358,0.025372077
Cillian,350,0.024805103
Darragh,347,0.024592488
Jamie,328,0.023245925
David,306,0.021686747
Aaron,303,0.021474132
John,293,0.020765415
Fionn,270,0.019135365
Jake,263,0.018639263
Matthew,260,0.018426648
Nathan,255,0.018072289
Ben,252,0.017859674
Ethan,234,0.016583983
Evan,224,0.015875266
Finn,224,0.015875266
Kyle,222,0.015733522
Rian,215,0.01523742
Callum,214,0.015166549
Alexander,211,0.014953933
Joshua,203,0.01438696
Max,201,0.014245216
Oliver,199,0.014103473
